roll_no,name,physics,maths,chemistry,english,sports
1,Aarav Sharma,78,85,74,88,90
2,Vihaan Patel,92,91,89,84,76
3,Aditya Verma,88,95,91,90,85
4,Arjun Singh,88,95,91,90,85
5,Kabir Mehta,65,72,68,70,75
6,Rohan Gupta,78,88,82,85,80
7,Ishaan Khanna,90,93,88,87,82
8,Ananya Iyer,85,90,92,91,89
9,Diya Rao,95,97,94,93,90
10,Sneha Nair,92,97,94,93,88
11,Aarav Sharma,78,85,74,88,90
12,Vihaan Patel,92,91,89,84,76
13,Aditya Verma,88,95,91,90,85
14,Arjun Singh,88,95,91,90,85
15,Kabir Mehta,65,72,68,70,75
16,Rohan Gupta,78,88,82,85,80
17,Ishaan Khanna,90,93,88,87,82
18,Ananya Iyer,85,90,92,91,89
19,Diya Rao,95,97,94,93,90
20,Sneha Nair,92,97,94,93,88
21,Aarav Sharma,78,85,74,88,90
22,Vihaan Patel,92,91,89,84,76
23,Aditya Verma,88,95,91,90,85
24,Arjun Singh,88,95,91,90,85
25,Kabir Mehta,65,72,68,70,75
26,Rohan Gupta,78,88,82,85,80
27,Ishaan Khanna,90,93,88,87,82
28,Ananya Iyer,85,90,92,91,89
29,Diya Rao,95,97,94,93,90
30,Sneha Nair,92,97,94,93,88
31,Aarav Sharma,78,85,74,88,90
32,Vihaan Patel,92,91,89,84,76
33,Aditya Verma,88,95,91,90,85
34,Arjun Singh,88,95,91,90,85
35,Kabir Mehta,65,72,68,70,75
36,Rohan Gupta,78,88,82,85,80
37,Ishaan Khanna,90,93,88,87,82
38,Ananya Iyer,85,90,92,91,89
39,Diya Rao,95,97,94,93,90
40,Sneha Nair,92,97,94,93,88
41,Aarav Sharma,78,85,74,88,90
42,Vihaan Patel,92,91,89,84,76
43,Aditya Verma,88,95,91,90,85
44,Arjun Singh,88,95,91,90,85
45,Kabir Mehta,65,72,68,70,75
46,Rohan Gupta,78,88,82,85,80
47,Ishaan Khanna,90,93,88,87,82
48,Ananya Iyer,85,90,92,91,89
49,Diya Rao,95,97,94,93,90
50,Sneha Nair,92,97,94,93,88
